[
  {
    "model": "dept.people",
    "pk": 1,
    "fields": {
      "family": "\u0417\u0430\u0439\u043a\u0438\u043d",
      "firstname": "\u0410\u043b\u0435\u043a\u0441\u0430\u043d\u0434\u0440",
      "secondname": "\u0412\u0438\u0442\u0430\u043b\u044c\u0435\u0432\u0438\u0447",
      "function": 1,
      "schedule": 1,
      "birtday": "2016-12-18",
      "dayofwork": "2016-12-18",
      "telefon": "",
      "address": ""
    }
  },
  {
    "model": "dept.people",
    "pk": 7,
    "fields": {
      "family": "\u0413\u0440\u0430\u0431\u043b\u0438\u043d",
      "firstname": "\u0410\u043b\u0435\u043a\u0441\u0430\u043d\u0434\u0440",
      "secondname": "\u0413\u0440\u0438\u0433\u043e\u0440\u044c\u0435\u0432\u0438\u0447",
      "function": 4,
      "schedule": 1,
      "birtday": null,
      "dayofwork": null,
      "telefon": "",
      "address": ""
    }
  },
  {
    "model": "dept.people",
    "pk": 8,
    "fields": {
      "family": "\u0413\u043e\u0440\u0434\u0435\u0435\u0432",
      "firstname": "\u0410\u043b\u0435\u043a\u0441\u0430\u043d\u0434\u0440",
      "secondname": "\u0412\u0438\u043a\u0442\u043e\u0440\u043e\u0432\u0438\u0447",
      "function": 5,
      "schedule": 1,
      "birtday": null,
      "dayofwork": null,
      "telefon": "",
      "address": ""
    }
  },
  {
    "model": "dept.people",
    "pk": 9,
    "fields": {
      "family": "\u042e\u043c\u0430\u0435\u0432",
      "firstname": "\u0413\u0435\u0440\u043c\u0430\u043d",
      "secondname": "\u0410\u043b\u0435\u043a\u0441\u0430\u043d\u0434\u0440\u043e\u0432\u0438\u0447",
      "function": 6,
      "schedule": 1,
      "birtday": null,
      "dayofwork": null,
      "telefon": "",
      "address": ""
    }
  },
  {
    "model": "dept.people",
    "pk": 10,
    "fields": {
      "family": "\u041f\u0435\u0442\u0440\u044f\u043a\u043e\u0432",
      "firstname": "\u0418\u0433\u043e\u0440\u044c",
      "secondname": "\u0410\u043b\u0435\u043a\u0441\u0430\u043d\u0434\u0440\u043e\u0432\u0438\u0447",
      "function": 8,
      "schedule": 1,
      "birtday": null,
      "dayofwork": null,
      "telefon": "",
      "address": ""
    }
  },
  {
    "model": "dept.people",
    "pk": 11,
    "fields": {
      "family": "\u041d\u0430\u0443\u043c\u0447\u0435\u0432",
      "firstname": "\u0410\u043b\u0435\u043a\u0441\u0430\u043d\u0434\u0440",
      "secondname": "\u0410\u043b\u0435\u043a\u0441\u0435\u0435\u0432\u0438\u0447",
      "function": 10,
      "schedule": 1,
      "birtday": null,
      "dayofwork": null,
      "telefon": "",
      "address": ""
    }
  },
  {
    "model": "dept.people",
    "pk": 12,
    "fields": {
      "family": "\u041a\u043b\u0435\u043c\u0435\u043d\u0442\u044c\u0435\u0432",
      "firstname": "\u0412\u0430\u043b\u0435\u0440\u0438\u0439",
      "secondname": "\u0410\u043d\u0434\u0440\u0435\u0435\u0432\u0438\u0447",
      "function": 10,
      "schedule": 1,
      "birtday": null,
      "dayofwork": null,
      "telefon": "",
      "address": ""
    }
  },
  {
    "model": "dept.people",
    "pk": 13,
    "fields": {
      "family": "\u0412\u0430\u043d\u0430\u0442\u043e\u0432",
      "firstname": "\u0421\u0435\u0440\u0433\u0435\u0439",
      "secondname": "\u0412\u0438\u043a\u0442\u043e\u0440\u043e\u0432\u0438\u0447",
      "function": 11,
      "schedule": 1,
      "birtday": null,
      "dayofwork": null,
      "telefon": "",
      "address": ""
    }
  },
  {
    "model": "dept.people",
    "pk": 14,
    "fields": {
      "family": "\u041d\u0430\u043c\u0435\u0441\u0442\u043d\u0438\u043a\u043e\u0432\u0430",
      "firstname": "\u0415\u043b\u0435\u043d\u0430",
      "secondname": "\u042e\u0440\u044c\u0435\u0432\u043d\u0430",
      "function": 7,
      "schedule": 1,
      "birtday": null,
      "dayofwork": null,
      "telefon": "",
      "address": ""
    }
  },
  {
    "model": "dept.people",
    "pk": 15,
    "fields": {
      "family": "\u041a\u0443\u0437\u044f\u043a\u0438\u043d",
      "firstname": "\u0410\u043b\u0435\u043a\u0441\u0430\u043d\u0434\u0440",
      "secondname": "\u0410\u043b\u0435\u043a\u0441\u0430\u043d\u0434\u0440\u043e\u0432\u0438\u0447",
      "function": 9,
      "schedule": 1,
      "birtday": null,
      "dayofwork": null,
      "telefon": "",
      "address": ""
    }
  },
  {
    "model": "dept.people",
    "pk": 16,
    "fields": {
      "family": "\u0418\u043d\u044f\u0448\u0435\u0432",
      "firstname": "\u041e\u043b\u0435\u0433",
      "secondname": "\u042e\u0440\u044c\u0435\u0432\u0438\u0447",
      "function": 3,
      "schedule": 2,
      "birtday": null,
      "dayofwork": null,
      "telefon": "",
      "address": ""
    }
  },
  {
    "model": "dept.people",
    "pk": 17,
    "fields": {
      "family": "\u041f\u0435\u0442\u0440\u043e\u0432",
      "firstname": "\u0410\u043b\u0435\u043a\u0441\u0430\u043d\u0434\u0440",
      "secondname": "\u0411\u043e\u0440\u0438\u0441\u043e\u0432\u0438\u0447",
      "function": 3,
      "schedule": 4,
      "birtday": null,
      "dayofwork": null,
      "telefon": "",
      "address": ""
    }
  },
  {
    "model": "dept.people",
    "pk": 18,
    "fields": {
      "family": "\u0422\u0438\u043c\u043e\u0444\u0435\u0435\u0432",
      "firstname": "\u0415\u0432\u0433\u0435\u043d\u0438\u0439",
      "secondname": "\u041b\u0435\u043e\u043d\u0438\u0434\u043e\u0432\u0438\u0447",
      "function": 2,
      "schedule": 2,
      "birtday": null,
      "dayofwork": null,
      "telefon": "",
      "address": ""
    }
  },
  {
    "model": "dept.people",
    "pk": 19,
    "fields": {
      "family": "\u0412\u043e\u043b\u043e\u0434\u0438\u043d",
      "firstname": "\u042e\u0440\u0438\u0439",
      "secondname": "\u0410\u043b\u0435\u043a\u0441\u0435\u0435\u0432\u0438\u0447",
      "function": 3,
      "schedule": 3,
      "birtday": null,
      "dayofwork": null,
      "telefon": "",
      "address": ""
    }
  },
  {
    "model": "dept.people",
    "pk": 20,
    "fields": {
      "family": "\u0418\u0433\u043e\u0448\u0435\u0432",
      "firstname": "\u0421\u0435\u0440\u0433\u0435\u0439",
      "secondname": "\u041e\u043b\u0435\u0433\u043e\u0432\u0438\u0447",
      "function": 3,
      "schedule": 5,
      "birtday": null,
      "dayofwork": null,
      "telefon": "",
      "address": ""
    }
  },
  {
    "model": "dept.people",
    "pk": 21,
    "fields": {
      "family": "\u0421\u0443\u043d\u0434\u0438\u043a\u043e\u0432",
      "firstname": "\u0410\u043b\u0435\u043a\u0441\u0430\u043d\u0434\u0440",
      "secondname": "\u0412\u0438\u043a\u0442\u043e\u0440\u043e\u0432\u0438\u0447",
      "function": 2,
      "schedule": 5,
      "birtday": null,
      "dayofwork": null,
      "telefon": "",
      "address": ""
    }
  },
  {
    "model": "dept.people",
    "pk": 22,
    "fields": {
      "family": "\u0413\u0430\u043d\u0438\u043d",
      "firstname": "\u0421\u0435\u0440\u0433\u0435\u0439",
      "secondname": "\u0412\u044f\u0447\u0435\u0441\u043b\u0430\u0432\u043e\u0432\u0438\u0447",
      "function": 2,
      "schedule": 3,
      "birtday": null,
      "dayofwork": null,
      "telefon": "",
      "address": ""
    }
  },
  {
    "model": "dept.people",
    "pk": 23,
    "fields": {
      "family": "\u041f\u0440\u043e\u043d\u0438\u043d",
      "firstname": "\u041f\u0430\u0432\u0435\u043b",
      "secondname": "\u0418\u0432\u0430\u043d\u043e\u0432\u0438\u0447",
      "function": 2,
      "schedule": 4,
      "birtday": null,
      "dayofwork": null,
      "telefon": "",
      "address": ""
    }
  },
  {
    "model": "dept.people",
    "pk": 24,
    "fields": {
      "family": "\u041c\u0430\u0440\u0442\u044c\u044f\u043d\u043e\u0432",
      "firstname": "\u0412\u0438\u0442\u0430\u043b\u0438\u0439",
      "secondname": "\u0412\u0438\u043a\u0442\u043e\u0440\u043e\u0432\u0438\u0447",
      "function": 2,
      "schedule": 1,
      "birtday": null,
      "dayofwork": null,
      "telefon": "",
      "address": ""
    }
  },
  {
    "model": "dept.function",
    "pk": 1,
    "fields": {
      "title": "\u041d\u0430\u0447\u0430\u043b\u044c\u043d\u0438\u043a \u0411\u041d\u0438\u042d",
      "text": "",
      "fileurl": ""
    }
  },
  {
    "model": "dept.function",
    "pk": 2,
    "fields": {
      "title": "\u0418\u043d\u0436\u0435\u043d\u0435\u0440 \u044d\u043b\u0435\u043a\u0442\u0440\u043e\u043d\u0438\u043a",
      "text": "",
      "fileurl": ""
    }
  },
  {
    "model": "dept.function",
    "pk": 3,
    "fields": {
      "title": "\u0421\u043c\u0435\u043d\u043d\u044b\u0439 \u043c\u0430\u0441\u0442\u0435\u0440",
      "text": "",
      "fileurl": ""
    }
  },
  {
    "model": "dept.function",
    "pk": 4,
    "fields": {
      "title": "\u0412\u0435\u0434\u0443\u0449\u0438\u0439 \u0438\u043d\u0436\u0435\u043d\u0435\u0440 \u044d\u043b\u0435\u043a\u0442\u0440\u043e\u043d\u0438\u043a",
      "text": "",
      "fileurl": ""
    }
  },
  {
    "model": "dept.function",
    "pk": 5,
    "fields": {
      "title": "\u0421\u0442\u0430\u0440\u0448\u0438\u0439 \u0438\u043d\u0436\u0435\u043d\u0435\u0440 \u044d\u043b\u0435\u043a\u0442\u0440\u043e\u043d\u0438\u043a",
      "text": "",
      "fileurl": ""
    }
  },
  {
    "model": "dept.function",
    "pk": 6,
    "fields": {
      "title": "\u041d\u0430\u0447\u0430\u043b\u044c\u043d\u0438\u043a \u042d\u0422\u041b \u0432\u0435\u0434\u0443\u0449\u0438\u0439 \u043c\u0435\u0442\u0440\u043e\u043b\u043e\u0433",
      "text": "",
      "fileurl": ""
    }
  },
  {
    "model": "dept.function",
    "pk": 7,
    "fields": {
      "title": "\u0418\u043d\u0436\u0435\u043d\u0435\u0440 \u043c\u0435\u0442\u0440\u043e\u043b\u043e\u0433",
      "text": "",
      "fileurl": ""
    }
  },
  {
    "model": "dept.function",
    "pk": 8,
    "fields": {
      "title": "\u0418\u043d\u0436\u0435\u043d\u0435\u0440 \u0438\u0437\u043c\u0435\u0440\u0438\u0442\u0435\u043b\u044c\u043d\u044b\u0445 \u0441\u0438\u0441\u0442\u0435\u043c \u0438 \u043c\u0430\u0440\u043a\u0438\u0440\u0443\u044e\u0449\u0435\u0439 \u0442\u0435\u0445\u043d\u0438\u043a\u0438",
      "text": "",
      "fileurl": ""
    }
  },
  {
    "model": "dept.function",
    "pk": 9,
    "fields": {
      "title": "\u0421\u043b\u0435\u0441\u0430\u0440\u044c \u041a\u0418\u041f\u0438\u0410",
      "text": "",
      "fileurl": ""
    }
  },
  {
    "model": "dept.function",
    "pk": 10,
    "fields": {
      "title": "\u0418\u043d\u0436\u0435\u043d\u0435\u0440 \u043f\u043e \u0440\u0435\u043c\u043e\u043d\u0442\u0443 \u044d\u043b\u0435\u043a\u0442\u0440\u043e\u043e\u0431\u043e\u0440\u0443\u0434\u043e\u0432\u0430\u043d\u0438\u044f \u0438 \u0441\u0438\u0441\u0442\u0435\u043c  \u043a\u043e\u043d\u0434\u0438\u0446\u0438\u043e\u043d\u0438\u0440\u043e\u0432\u0430\u043d\u0438\u044f",
      "text": "",
      "fileurl": ""
    }
  },
  {
    "model": "dept.function",
    "pk": 11,
    "fields": {
      "title": "\u0418\u043d\u0436\u0435\u043d\u0435\u0440 \u043f\u0440\u043e\u0433\u0440\u0430\u043c\u043c\u0438\u0441\u0442",
      "text": "",
      "fileurl": ""
    }
  },
  {
    "model": "dept.holiday",
    "pk": 1,
    "fields": {
      "people": 17,
      "typ": "\u043f\u043b\u0430\u043d",
      "year": 2016,
      "startday": "2016-12-09",
      "lenght": 14,
      "stopday": "2016-12-22"
    }
  },
  {
    "model": "dept.holiday",
    "pk": 2,
    "fields": {
      "people": 16,
      "typ": "\u043f\u043b\u0430\u043d",
      "year": 2016,
      "startday": "2016-12-07",
      "lenght": 14,
      "stopday": "2016-12-20"
    }
  },
  {
    "model": "dept.holiday",
    "pk": 3,
    "fields": {
      "people": 20,
      "typ": "\u043f\u043b\u0430\u043d",
      "year": 2016,
      "startday": "2016-12-02",
      "lenght": 14,
      "stopday": "2016-12-15"
    }
  },
  {
    "model": "dept.schedule",
    "pk": 1,
    "fields": {
      "title": "\u0414\u043d\u0435\u0432\u043d\u0430\u044f",
      "text": "\u0414\u043d\u0435\u0432\u043d\u0430\u044f (8 \u0447\u0430\u0441\u043e\u0432)",
      "startday": "2016-12-05"
    }
  },
  {
    "model": "dept.schedule",
    "pk": 2,
    "fields": {
      "title": "C\u043c\u0435\u043d\u0430 \u21161",
      "text": "\u0421\u043c\u0435\u043d\u043d\u044b\u0439 \u0433\u0440\u0430\u0444\u0438\u043a \u0440\u0430\u0431\u043e\u0442\u044b",
      "startday": "2016-12-03"
    }
  },
  {
    "model": "dept.schedule",
    "pk": 3,
    "fields": {
      "title": "\u0421\u043c\u0435\u043d\u0430 \u21162",
      "text": "\u0421\u043c\u0435\u043d\u0430 \u21162",
      "startday": "2016-12-04"
    }
  },
  {
    "model": "dept.schedule",
    "pk": 4,
    "fields": {
      "title": "\u0421\u043c\u0435\u043d\u0430 \u21163",
      "text": "\u0421\u043c\u0435\u043d\u0430 \u21163",
      "startday": "2016-12-05"
    }
  },
  {
    "model": "dept.schedule",
    "pk": 5,
    "fields": {
      "title": "\u0421\u043c\u0435\u043d\u0430 \u21164",
      "text": "\u0421\u043c\u0435\u043d\u0430 \u21164",
      "startday": "2016-12-06"
    }
  },
  {
    "model": "dept.change",
    "pk": 1,
    "fields": {
      "schedule": 1,
      "title": "d",
      "number": 1,
      "starttime": "17:41:30",
      "stoptime": "17:41:31"
    }
  },
  {
    "model": "dept.change",
    "pk": 2,
    "fields": {
      "schedule": 1,
      "title": "d",
      "number": 2,
      "starttime": "17:42:47",
      "stoptime": "17:42:32"
    }
  },
  {
    "model": "dept.change",
    "pk": 3,
    "fields": {
      "schedule": 1,
      "title": "d",
      "number": 3,
      "starttime": "17:42:54",
      "stoptime": "17:42:56"
    }
  },
  {
    "model": "dept.change",
    "pk": 4,
    "fields": {
      "schedule": 1,
      "title": "d",
      "number": 4,
      "starttime": "17:43:15",
      "stoptime": "17:43:17"
    }
  },
  {
    "model": "dept.change",
    "pk": 5,
    "fields": {
      "schedule": 1,
      "title": "d",
      "number": 5,
      "starttime": "17:43:41",
      "stoptime": "17:43:45"
    }
  },
  {
    "model": "dept.change",
    "pk": 6,
    "fields": {
      "schedule": 1,
      "title": "w",
      "number": 6,
      "starttime": "00:00:00",
      "stoptime": "00:00:00"
    }
  },
  {
    "model": "dept.change",
    "pk": 7,
    "fields": {
      "schedule": 1,
      "title": "w",
      "number": 7,
      "starttime": "00:00:00",
      "stoptime": "00:00:00"
    }
  },
  {
    "model": "dept.change",
    "pk": 8,
    "fields": {
      "schedule": 2,
      "title": "d",
      "number": 1,
      "starttime": "07:20:00",
      "stoptime": "19:40:00"
    }
  },
  {
    "model": "dept.change",
    "pk": 9,
    "fields": {
      "schedule": 2,
      "title": "n",
      "number": 2,
      "starttime": "19:20:00",
      "stoptime": "07:40:00"
    }
  },
  {
    "model": "dept.change",
    "pk": 10,
    "fields": {
      "schedule": 2,
      "title": "w",
      "number": 3,
      "starttime": "00:00:00",
      "stoptime": "00:00:00"
    }
  },
  {
    "model": "dept.change",
    "pk": 11,
    "fields": {
      "schedule": 2,
      "title": "w",
      "number": 4,
      "starttime": "00:00:00",
      "stoptime": "00:00:00"
    }
  },
  {
    "model": "dept.change",
    "pk": 12,
    "fields": {
      "schedule": 4,
      "title": "d",
      "number": 1,
      "starttime": "07:20:00",
      "stoptime": "19:40:00"
    }
  },
  {
    "model": "dept.change",
    "pk": 13,
    "fields": {
      "schedule": 4,
      "title": "n",
      "number": 2,
      "starttime": "19:20:00",
      "stoptime": "07:40:00"
    }
  },
  {
    "model": "dept.change",
    "pk": 14,
    "fields": {
      "schedule": 4,
      "title": "w",
      "number": 3,
      "starttime": "00:00:00",
      "stoptime": "00:00:00"
    }
  },
  {
    "model": "dept.change",
    "pk": 15,
    "fields": {
      "schedule": 4,
      "title": "w",
      "number": 4,
      "starttime": "00:00:00",
      "stoptime": "00:00:00"
    }
  },
  {
    "model": "dept.change",
    "pk": 16,
    "fields": {
      "schedule": 3,
      "title": "d",
      "number": 1,
      "starttime": "07:20:00",
      "stoptime": "19:40:00"
    }
  },
  {
    "model": "dept.change",
    "pk": 17,
    "fields": {
      "schedule": 3,
      "title": "n",
      "number": 2,
      "starttime": "19:20:00",
      "stoptime": "07:40:00"
    }
  },
  {
    "model": "dept.change",
    "pk": 18,
    "fields": {
      "schedule": 3,
      "title": "w",
      "number": 3,
      "starttime": "00:00:00",
      "stoptime": "00:00:00"
    }
  },
  {
    "model": "dept.change",
    "pk": 19,
    "fields": {
      "schedule": 3,
      "title": "w",
      "number": 4,
      "starttime": "00:00:00",
      "stoptime": "00:00:00"
    }
  },
  {
    "model": "dept.change",
    "pk": 20,
    "fields": {
      "schedule": 5,
      "title": "d",
      "number": 1,
      "starttime": "07:20:00",
      "stoptime": "19:40:00"
    }
  },
  {
    "model": "dept.change",
    "pk": 21,
    "fields": {
      "schedule": 5,
      "title": "n",
      "number": 2,
      "starttime": "19:20:00",
      "stoptime": "07:40:00"
    }
  },
  {
    "model": "dept.change",
    "pk": 22,
    "fields": {
      "schedule": 5,
      "title": "w",
      "number": 3,
      "starttime": "00:00:00",
      "stoptime": "00:00:00"
    }
  },
  {
    "model": "dept.change",
    "pk": 23,
    "fields": {
      "schedule": 5,
      "title": "w",
      "number": 4,
      "starttime": "00:00:00",
      "stoptime": "00:00:00"
    }
  }
]